V1,V2,V3,V4,V5,V6,V7,V8,V9,V10,V11,V12,V13,V14,V15,V16,V17,V18,V19,V20,V21,V22,V23,V24,V25,V26,V27,V28,Hour,Amount_scaled
-3.21538175967748,-0.364223121381638,-1.26188334354906,3.79494903930385,0.71120593031272,-1.31647560298004,-5.16514055601052,0.625278383544947,-1.582300584728,-3.25263359468289,5.04075120270381,-5.31444220386187,-0.656470662006063,-6.23304367078495,0.974771279276835,-6.8903177453801,-9.51641148491956,-4.36412771489086,2.59857755637223,0.0196261688931224,0.40134124079647,0.152191258747201,-0.93467547449829,-0.256148382367333,-0.469403308828214,-0.282495914081921,0.86607691066145,-0.433465943783225,16.0,-0.32960070356065024
-14.1791651073631,7.42136996239257,-21.405835744128,11.927511869244,-7.97428068736155,-2.20271027666529,-15.4716122801735,-0.356594909586509,-6.38012489838839,-13.3482776536659,10.1875873241664,-14.5639797552132,0.59375935763569,-14.4915983463022,-0.281392503951236,-8.2641288443605,-12.4398049728466,-4.83707902601307,0.753149847889189,1.00276434172175,-2.36683606243662,1.13095519799655,0.991153238179024,-1.03313210707298,-0.327179344936207,0.634692903522304,2.17190494464567,-1.39528768393339,5.0,-0.3492313067728856
-4.39797444171999,1.35836702839758,-2.5928442182573,2.67978696694832,-1.12813094208956,-1.70653638774951,-3.49619729302467,-0.248777743025673,-0.24776789948008,-4.80163740602813,4.89584422347523,-10.9128193194019,0.184371685834387,-6.77109672468083,-0.0073261825777121,-7.35808322132346,-12.5984185405511,-5.13154862842983,0.308333945758691,-0.17160787864796,0.573574068424352,0.176967718048195,-0.436206883597401,-0.0535018648884285,0.252405261951833,-0.657487754764504,-0.827135714578603,0.849573379985768,1.0,-0.11734230752448421
-6.75050851563533,5.36741605145469,-10.0546349530569,9.06447791765316,-7.96811808353808,-2.26379841398236,-10.317566180676,4.23766573099145,-5.32410880613734,-11.0923923688428,7.15408284221914,-17.1504052507291,-0.0953992277686904,-11.0301103643432,-1.95905455483077,-12.4485623424367,-22.6679054064789,-9.26460873295655,1.9823563171714,-0.0812198922441237,1.90903201764938,-0.34873973066671,0.425000563135111,0.674908669807175,-0.784208393488163,-0.247422102935353,1.1595813739152,0.197817874685768,2.0,0.4849693775922687
-17.2751911945397,10.8196653713117,-20.3638859739149,6.04661174671427,-13.4650333517322,-4.16664724489873,-14.4094479851747,11.5807967244857,-4.07385571204177,-9.15336803834587,6.21088301172371,-8.77857203246194,-0.0613674966661798,-9.57466229922106,0.0492885399107771,-7.41848727872681,-14.1027718764864,-5.01642333521081,1.39031436050276,1.54497046707519,1.7298040916597,-1.20809608165502,-0.726839224163999,0.112539673508366,1.11919347248491,-0.233188990129274,1.68406299250578,0.503739738280361,7.0,0.046539245565032535
-4.06400473842815,3.10093489093256,-1.18849800365476,3.26463274045175,-1.90356235801726,0.3203505872957,-0.954940039087007,-3.27753491983773,2.82082866173719,1.01511287978593,3.18718689736493,-7.00432728360605,0.872710605485111,-6.22060535304292,-0.904444629573358,-3.07509188469837,-5.04473569177435,-1.71808268516882,-0.662462068430895,-0.531897693292296,1.68866543097474,-0.0788446980063478,0.19373092657711,0.479495953884992,-0.50660305739906,-0.409862744197452,-3.03627132936069,-0.630605198840545,3.0,0.3650667726360694
-0.769171691743673,1.3422122564916,-2.1714541366788,-0.151513299728476,-0.648374467317641,-0.973504253142134,-1.70665765414268,0.313744516691369,-1.98230184657376,-3.15812700566592,1.3415717221686,-3.29947236985172,1.24764737362737,-6.39337284276668,-0.0532048016171774,-3.25804634128955,-3.34889609796046,0.217330714330335,-0.917407954929339,-0.102294252090737,-0.0361222946216654,-0.753591202726119,-0.0471133973013113,0.358492767536875,-0.287406815695466,0.476505957022081,0.250530561357973,0.250987222920341,10.0,-0.19330594520930536
-6.35233691096656,-2.37033515007664,-4.87539667887196,2.33504453116197,-0.809554897212021,-0.413647316208307,-4.08230817063438,2.23908947335972,-1.98635950470675,-5.16533081830893,2.94293916487767,-4.12572224190365,-0.433094395260294,-3.5181311704857,0.420777387095712,-5.10447983930312,-7.9253889983055,-3.41570671508705,0.71833237368083,0.186898304507656,1.32521840044042,1.22674487561089,-1.4852168616857,-1.47073226048821,-0.240053392971609,0.112972036960476,0.910590643802817,-0.650943712766886,15.0,0.42903615173907667
0.288028928428076,0.965681439446855,-1.45949519977085,1.92186300234526,-1.91241402974899,-1.13028190025527,-2.81426265960526,0.648663224885543,-0.695262639845074,-3.46568908576121,2.35161910622909,-3.82670531942496,-0.767569849115369,-4.8528669146236,1.66486300420352,-2.61736133003734,-4.83555830647772,-1.92175160139324,-0.385884175181753,0.330916894188196,0.603127128021142,0.380690182113136,-0.0641251755885565,0.271380100640141,0.33721953478356,0.626155869423677,0.565124825956713,0.305925255390835,7.0,-0.25983409947643293
-4.59561704249556,5.08369023030901,-7.58101461744265,7.54603279503791,-6.94916456384443,-1.72918492987346,-8.19019171984817,2.71466961013434,-7.08316933143187,-11.1412776902967,7.38185937432083,-14.4686550955305,0.299659909360646,-13.602211465597,0.516112699650764,-13.5632729563133,-23.8156358284126,-9.17055721888169,3.66952343976659,1.68216030642087,2.24897122592187,0.566843572297808,0.0337440528595468,0.591783408003629,0.334228764687698,0.386801106292112,2.16389776726335,0.983103834042297,11.0,1.0065597024534143
-2.37753280180283,0.520539361927579,-8.09413945532841,8.00535147326105,2.64075021376276,-3.38158645291742,-1.93437244067366,0.562322111872781,-3.10402718606356,-3.05121035544102,5.73576265915634,-4.74769250131792,-0.784223284478966,-10.7163393018774,0.656516978131348,-1.14246727231018,0.91859080878698,1.12633522330277,0.0929734778841175,-0.634747080915274,0.148284201590387,0.7210995412337,2.66129069804724,-0.508619933518595,-0.401656629278738,0.587611216267645,0.500326371108344,0.551759687906722,11.0,-0.3492313067728856
-4.56634156694274,3.35345148012501,-4.57202780762531,3.61611930403552,-2.49313810882875,-1.0899997127127,-5.55143306976649,0.44778308394893,-2.42441402571208,-5.69992228265959,3.58682418337431,-6.63622904939297,-1.1281764439465,-7.24554959537009,0.638325536245456,-6.85681003898144,-8.85187850534679,-4.5918832274368,0.936939858866071,-0.249127726683026,2.67446587862872,-0.0208799797343963,-0.302447083877198,-0.0863964000107124,-0.516059779833395,-0.295102234035121,0.195985145691014,0.141115102721758,11.0,-0.3492313067728856
-3.63280894927825,5.43726336227612,-9.13652148062595,10.3072263079132,-5.42183029451154,-2.86481514933136,-10.6340876212042,3.01812657999175,-4.89164032107494,-11.2350479111446,8.78878366710272,-18.5536970096458,-0.339533407676443,-15.6231873302985,-0.188978574214972,-12.4279613630565,-20.1590474539227,-6.88889109280947,2.58609321670737,1.35406479520345,2.30988016889674,0.978660126299279,-0.0961301444473713,0.432376722544823,-0.435627929953396,0.65089278643537,1.69360750804844,0.857685371687245,2.0,-0.31908573687059344
-5.31417320646342,4.14594361146639,-8.53252245892907,8.34439167363678,-5.71800820787464,-3.04353608094129,-10.9891846672722,3.40412865609659,-6.16723364181153,-11.435623996076,7.67453383416429,-14.2960914258331,0.526938923712363,-15.4450258118019,0.991651201275811,-12.3913460034009,-22.5416517287861,-7.98672065349455,2.99255446334225,1.15001731865814,2.33146580801509,0.862996305559532,-0.614453237551036,0.523647877136623,-0.712593271662611,0.324637964828057,2.24509146635599,0.497320848969724,11.0,-0.0004782480756777755
-4.32060921481281,3.19993870654465,-5.79973605389345,6.50233023566696,0.378479252807864,-1.94824637096657,-2.16785950480668,-0.728206711605414,-1.97723831745674,-3.47341070390428,4.56919375212135,-9.32115263136084,-1.59251765115386,-14.2668362798028,0.467776602458787,-4.06620855488173,-6.62696817708246,-1.43715841938037,-0.215409738450978,-0.263686068021973,0.47666042483552,0.434278328284482,-0.13693991841301,-0.620071695417129,0.642530576414265,0.28071734804164,-2.64910674899003,0.533640939848599,18.0,-0.3492313067728856
1.88961791435199,1.07309853428207,-1.67801752213825,4.17326819444992,1.01551580609762,-0.0093890345376856,-0.0797056036973578,0.0640708218352963,-0.714516675807338,0.0422275201898101,-0.408402781057003,-0.929370065771482,0.0586863166856154,-3.51284546122181,-0.164612974126633,2.06985302474878,1.7333815808837,1.58075796212324,-2.33518537609962,-0.15357026465285,0.203727978494943,0.733795720552592,-0.0365597489616082,0.334305770703597,0.147171035637962,0.279556488222951,0.0316687807243937,0.0358833226413502,10.0,-0.3403555554223433
-2.74048250153169,3.65809481979987,-4.11063552027473,5.34024166876747,-2.66677476000958,-0.0927818149405728,-4.38869880914515,-0.280132705503576,-2.82189458229917,-4.46628416302479,3.96979981229186,-7.34671678644283,-1.16331176961366,-8.22556891234807,0.82500183194645,-6.77286703365235,-8.81578542555918,-4.56885928410549,1.12659865645629,0.185325269832133,2.41749541196206,-0.0977119508973041,0.382154506973307,-0.154756519767143,-0.40395592644091,0.277894930235294,0.830061638644528,0.218690442242457,11.0,0.09587562919822691
1.14086473658976,1.22131743135767,-1.45295546048243,2.06757505760281,0.854742052227546,-0.981222507744598,0.325713913670098,-0.0377214068783676,0.113219371615132,-2.12697274994354,0.915947028928619,-0.468571538051367,-0.523377293666349,-4.86186658087283,0.421013353871263,0.866440624739209,4.08248488419359,1.1963181517001,-1.10076358353881,-0.0677120411898438,-0.377597095255037,-0.79345965987036,-0.132333171548173,-0.33158626897425,0.664877856718148,-0.309312434134138,0.099941947375597,0.122988311929089,17.0,-0.3492313067728856
-10.3630494651588,4.54367201286394,-9.79589773551539,5.50800333404763,-6.03715599427489,-0.133492972364907,-11.7243461176622,-3.19834557193323,-4.76784222430147,-9.33212806886128,5.2241240042156,-7.74312234505579,-1.56034320038539,-7.14041803349475,1.18597782557697,-6.59870406570123,-12.1205390025684,-3.90409153348034,2.51343040062446,0.924396179705582,-2.45714487251707,1.68725664165106,0.977178353536712,-0.543368976583511,-0.289124786926125,-0.107586425389056,0.330641897772597,0.163577149556086,15.0,-0.3492313067728856
-2.04260819938332,1.57357807373238,-2.37265243271278,-0.572676430720841,-2.09735276458226,-0.174142123011242,-3.03951978687359,-1.63423295064356,-0.594808638750073,-5.45960189444545,2.37853722491518,-2.33027064686235,-0.24623272486659,-4.05852343611281,-0.316983146603949,-2.52266081131673,-5.60340034818128,-0.778439963776289,0.860211793588662,0.825565985313424,-0.723326195587733,0.501221637302624,-0.696892260580304,-0.600513726439022,0.127547028812739,-0.786072220292301,0.606097322391548,0.171696507911815,14.0,0.6937494386397087
-2.86636370525907,2.34694943137396,-4.05330668845935,3.98335888025187,-3.46318571327039,-1.28095301603103,-4.47476383461874,1.21665528478137,-2.30982869782019,-5.51550707258062,3.04839203447565,-7.12825076846601,0.0059558009251745,-7.49518733635876,-0.25108802193356,-7.5680148993231,-12.2236328477344,-4.89517519350497,2.52496746940249,0.270013154062001,1.04973156228305,0.475840283409025,0.404480059350581,0.282029789710327,-0.506901095688855,-0.371741093052833,0.615256964379468,0.803162841917988,20.0,0.14465228076426997
0.0073790751145725,2.36518252886777,-2.60028738169342,1.11160176466249,3.2764413263667,-1.7761407852846,2.11453088108345,-0.830084106599812,0.900489974281822,-3.37617706712688,2.05681205985716,-3.9842567303491,1.02196791340796,-5.96790496861639,-1.15160831490592,1.67973960141233,5.58611468683053,2.78913115591619,-2.24107485298106,-0.0063884972816308,-0.563944162060269,-0.902099515410175,-0.404382448597275,-0.0129439005065412,0.589836154947909,-0.734449052212668,-0.447529183217452,-0.362374775122343,1.0,-0.3492313067728856
-3.57636177773708,3.29943622098785,-7.46043319687438,7.78363417666419,-0.398548657536885,-1.96844144838725,-3.11047619254795,-0.328403695377149,-1.57436284547485,-2.49756054724841,4.60417047790948,-9.0019148555682,-1.27632400546329,-13.9694706254616,1.25694535316357,-4.49162922501012,-5.96998693103967,-1.27466622002178,1.14778361222539,-0.181455201194929,0.540730752300116,0.719526342466937,0.379248749413946,-0.616961860032022,-0.44281081400968,0.359840688732324,-2.65182487459349,0.422184391599186,18.0,-0.3492313067728856
-10.2817840384715,6.30238478416897,-13.271718028752,8.92511547634157,-9.97557831146449,-2.83251346361162,-12.7032526593299,6.70684583868978,-7.07842395823848,-12.8056831898117,6.78605830197451,-13.0642398936784,1.1795245105938,-13.694873039573,0.951479176238826,-10.9542857275047,-20.5835927904158,-7.51726213169106,2.87235363605874,-0.247647527731929,2.47941350799644,0.366932842343897,0.0428046480276363,0.478278891799746,0.157770817898023,0.329900959238367,0.163504340964582,-0.485552212695879,11.0,0.11974420377603649
-3.21895201068387,2.70853541135777,-3.26304158740062,1.36186594394607,-1.64577567536596,-1.85298187130258,-3.06995821412732,-1.79687585578416,-0.213356097435365,-3.55198400939375,3.77974953895486,-6.98477147722078,-1.14097718858781,-9.37787845231763,0.921463506707037,-4.65207119462111,-9.09423129737693,-3.08254995409724,0.132330776389272,0.571654488206511,1.80787725006384,-0.890421395077162,-0.325814386573867,0.123039596922715,-0.0930137472776971,0.232105969675678,-0.310518998304807,-0.745294626799623,9.0,-0.11094536961418347
-4.86810843844627,1.26441977404559,-5.16788542660662,3.19364784504611,-3.04562137708228,-2.09616609885545,-6.44561018266068,2.4225355920307,-3.2140554159387,-8.74597261185534,5.41604190908794,-8.16412507731485,-0.165010607208302,-10.1935303551514,-1.89521031032574,-7.36047460938421,-14.6687710766351,-4.87711900477519,1.38560952778492,0.66730977994879,1.26920538901712,0.0576572516592633,0.629307399675982,-0.168431773502721,0.443743902404587,0.276539471570389,1.44127396787951,-0.127943726430018,23.0,-0.3040129519194473
-3.89119195123086,7.09891625215749,-11.4264670967961,8.60755678650129,-2.06570621026229,-2.98528802203595,-8.13858941693861,2.97392807853452,-6.27279046836547,-13.1934150665232,11.6197234753825,-17.6316063138707,-0.355194389515515,-18.8220867423816,-1.2831290856146,-10.0310966568698,-15.2270075099256,-5.32200898058982,-0.501750653452579,1.38261899967275,1.75708522742867,-0.18970915318715,-0.508629244173448,-1.18930816877394,1.18853649934791,0.605241885913626,1.8815287524148,0.875260407222375,3.0,-0.3492313067728856
-1.10184700698197,-1.63244121283891,0.901066556872515,0.847752885502341,-1.24909072939532,0.654936785498635,1.44886782586722,0.0233079125519542,-0.136742416820243,-0.150129182778684,1.17235508293037,-0.795988136674965,-2.13695096583302,0.578869439330842,1.4121147225086,0.0134668068434063,-0.119204381070058,0.826814373772222,0.476859902488945,1.23027784051309,0.610653920616913,0.835795006603528,1.17995542066426,-0.0290908864225033,-0.300895693792436,0.699174952578756,-0.33607170899039,-0.177586827857027,14.0,1.7253756192615188
1.15937314510686,2.84479469928473,-4.05067950821309,4.77770088131929,2.94898004123771,-2.01036111013216,1.74408581794948,-0.410286521869204,-2.45019774688553,-2.04216786301424,1.84409317018026,-2.42593281501277,-1.5842751343556,-7.2083115791564,0.459828383286257,2.37529619792022,6.4435098643744,2.59184606301795,-2.88977035831304,-0.059264385833904,-0.176541018596848,-0.433469859425429,-0.529323202003731,-0.597019604985794,1.33595405267787,0.547092070642555,0.0099789442639121,0.160769150049196,11.0,-0.3492313067728856
1.22761441351286,-0.668973794096954,-0.271784826118016,-0.589439741635524,-0.604795004349645,-0.350284967097775,-0.486364540645055,-0.0108086285956747,-0.794944156080669,0.264544748886681,0.881268050432366,-0.324703760782435,-0.263263800489225,-1.11273543930467,-0.540849503339651,1.53341124817574,0.831442610720144,-0.473346676550517,1.19012126352217,0.273799209937263,-0.0260547222626376,-0.295254768133076,-0.180458520061445,-0.436538663158256,0.494649059264358,-0.28373826696629,-0.001128278642713,0.0350745013143425,18.0,0.03862303490103543
-22.5616992591298,13.2089042844176,-24.6438187771226,6.23253182330679,-16.905611362323,-4.49743871970001,-16.8101841919321,14.9551067734604,-3.87129682308601,-8.58126551626339,5.25698760960799,-7.39361499215009,0.538800829120431,-7.57755201800709,-0.030725531904052,-6.45478323655342,-12.8456565242928,-4.86591773720169,1.06244185030067,1.62144422472126,1.76598663639159,-1.6355166467436,-0.998316503452087,0.138972227361725,1.55935014018173,-0.22212451669,1.5044246600224,0.445919826109776,7.0,0.046539245565032535
-3.81821371829341,2.55133767783118,-4.75915831591909,1.63696695878653,-1.16790008391088,-1.67841338780471,-3.14473247208576,1.24510555037845,-1.69254135414833,-4.75993137385013,3.64225693939881,-4.165202322571,0.703069875094878,-7.62431631397779,-1.49801239964762,-4.07999232998846,-6.71717654755023,-1.88754964911755,1.35674828969143,0.164453445972909,0.837685440079622,0.761712127064149,-0.417694265920243,-0.469712471536136,-0.225934235750846,0.586415248500604,-0.348107405939032,0.0877768724326224,17.0,-0.3104498706916874
-0.264868683737295,3.38613996883911,-3.4549969895002,4.36762905773351,3.33606042827178,-2.05391842272465,0.256890458421417,-2.95723544083265,-2.8557972336327,-2.8084555425423,1.84750351109611,-2.4148223375383,-2.57322454244165,-6.5991261303635,0.123470382678038,2.57237180761341,6.60936580903842,2.53066979960508,-3.60265725092653,0.482513022122587,-1.39450379366468,-0.166029306744804,-1.45208118338289,-0.251814670710545,1.24346054282121,0.45278677690471,0.13221807596169,0.42459946550375,16.0,-0.3492313067728856
0.754315925858731,2.37982185248504,-5.13727449343089,3.81839172249665,0.0432026520139663,-1.28545137361934,-1.76668362059541,0.756710661816359,-1.76572209782095,-3.26300672553831,3.59279683214404,-2.77234880583364,-0.0745336542111445,-6.28109364908023,0.165978009089423,-2.67917124597012,-1.38555652893852,0.249056748544312,2.3534526931986,0.369662961829814,0.397057600980957,0.141165218358707,0.171984534755456,0.394273775761011,-0.4446418368392,-0.2631890643687,0.304702950350999,-0.0443622747894533,17.0,-0.3452332205789476
0.1149650477972,0.76676154669164,-0.494132199415659,0.116771978233793,0.86816853524791,-0.477982006349535,0.438495665220681,0.0630733402552484,-0.186207089214194,-0.159325098707444,1.20030360709416,0.281744446861465,-0.623844030466212,-0.658246292064356,-0.155888356613225,0.0562273489244218,0.653662125212474,0.33465531172159,1.02892683645358,0.0621985703923592,-0.284412898740297,-0.706865471630836,0.131404855625717,0.600742122018719,-0.604264275304309,0.26293785502267,0.0991446312768992,0.0108097183119463,15.0,-0.33527798595604213
-7.38154698606367,-7.44901515872674,-4.6962865237175,3.72843914957409,6.19830434711234,-6.40626663445964,-5.83145156036761,1.45717491941563,-0.6462025802667,-4.02912871953916,2.52894302060173,-3.308721722205,-1.99200968898389,-5.75721608217278,-0.877323474271716,-1.54755182348258,-1.90901678581052,0.500567470429737,0.136722438174659,2.93275812573212,1.17657484784395,-0.978692051214679,-0.278330343454922,-0.635873793806618,0.123539440325404,0.404729308452323,0.704914653621431,-1.22999168169143,18.0,-0.21329637617899513
-0.234922308660103,0.355412643473604,1.97218278594888,-1.2555927126284,-0.681386509254345,-0.665731671302037,0.059110489686438,-0.0031532770910343,1.12245113562848,-1.48124586053984,-0.473852105914046,0.9221844195147,0.913513839827119,-0.499349578859305,0.933898442932603,-0.560471962989049,-0.207706529097452,0.380541571066627,0.574335960915453,-0.0034694628125566,0.220670430492642,0.912107214037724,-0.286337679755902,0.451208246513352,0.188315252003614,-0.531845781256926,0.123184687838547,0.0395806345060398,12.0,-0.3492313067728856
-3.0435406239976,-3.15730712090228,1.08846277997285,2.2886436183814,1.35980512966107,-1.06482252298131,0.325574266158614,-0.0677936531906277,-0.270952836226548,-0.838586564582682,-0.414575448285725,-0.503140859566824,0.676501544635863,-1.69202893305906,2.00063483909015,0.666779695901966,0.599717413841732,1.72532100745514,0.283344830149495,2.10233879259444,0.661695924845707,0.435477208966341,1.37596574254306,-0.293803152734021,0.279798031841214,-0.145361714815161,-0.252773122530705,0.0357642251788156,0.0,1.7617582036263544
-6.71340697159693,3.92110415204576,-9.74667821737542,5.14826254938013,-5.15156271985187,-2.09938865681113,-5.93776683170198,3.57877960420447,-4.6849517505833,-8.53775768653457,6.34897930341209,-8.68160893168352,0.251179384774619,-11.6080022570993,-0.351568782034355,-5.36356643348466,-11.9390915052116,-3.58360287020043,0.897402406121681,0.135711322729059,0.954272201927517,-0.45108644858101,0.127214424071711,-0.339449869297565,0.394095513633807,1.07529509891805,1.6499059092424,-0.394905372194808,23.0,0.657966567203964
-1.10847821852891,3.44895257232738,-6.21697180605649,3.02105161812575,-0.529900931709915,-2.55137517507643,-2.00174290819286,1.09243237369483,-0.836098368778531,-4.09564897273592,2.42595071598052,-6.06726194524698,1.83243272022382,-3.50170251648822,-1.00400820464185,-3.5012811030282,-2.941876323532,-1.12574106196719,0.37371480785248,-0.0685983809223332,0.825951491439622,1.14416978988846,0.208559481945769,-0.295497424488562,-0.690232196243341,-0.364749075788586,0.229327220125504,0.208829891689567,1.0,-0.28126384147594036
-4.64189285087538,2.90208643306647,-1.57293870931742,2.507298518227,-0.871782564349351,-1.0409025722626,-1.59390073966645,-3.25490508581579,1.90896268593707,1.07741752106048,3.33850216040272,-6.54261034532574,1.09953638182128,-3.26647554459315,1.01472790444294,-4.84238307827835,-5.269876299726,-2.34466857415508,1.95922405409272,-0.465679220344122,1.96359666634146,-0.217413915973245,-0.54933995583883,0.645545202036521,-0.354557818794591,-0.611763845006479,-3.90808047547799,-0.671248265147117,4.0,-0.30769119121787025
0.908636658181293,2.84902401493181,-5.64734296336341,6.00941477810058,0.216656395035464,-2.39701442397293,-1.81930788593969,0.338526987742346,-2.81988277297887,-4.06309810827338,2.94119009271712,-6.15136219091534,-1.98952853525001,-9.15095100562097,-0.604289998808266,-1.95229039984463,-2.89255533222526,-0.912057960709434,-1.56373996709776,0.241921294746754,0.407260461266497,-0.397434852530952,-0.0800058534116311,-0.168596545191964,0.465058497798457,0.210509756241616,0.648704799002062,0.360224330288316,16.0,-0.34851165125797673
-5.83919161928092,7.1515323543223,-12.8167600806187,7.03111476501099,-9.6512721679897,-2.93842725771624,-11.5432071690832,4.84362653179436,-3.49427572506535,-13.3207888671784,8.46024444901677,-17.003289445516,0.101556614891384,-14.094451660329,0.747030766392512,-12.6616957230679,-18.9124938172188,-6.62697484523061,4.00892074227194,0.0556838813863639,2.46205591127559,1.05486518382957,0.530480596078193,0.472669814042592,-0.275997967880675,0.282435024801752,0.104886020210564,0.254417096767513,2.0,0.9104057294892064
-1.20139778318497,4.86453518123444,-8.32882331553453,7.65239936205533,-0.167445105903909,-2.76769464972835,-3.17642095110716,1.62327867967437,-4.36722762476754,-5.5334430286147,4.1064045585523,-6.33182479621436,0.671784814909419,-12.1565865835299,1.02025178475153,-2.11086343309451,-1.55854452752772,0.195991826282669,0.502453451135321,0.597025549850308,0.532320016259289,-0.556913021850898,0.192444399731584,-0.698588444235578,0.0250027161193826,0.514967603188505,0.378105295962737,-0.0531327938498238,19.0,-0.35015086659749134
-4.99175779387947,5.2133398229232,-9.11132629809104,8.43198635177602,-3.4355156720863,-1.8275651016855,-7.11430284412379,3.43120663145462,-3.87564287029742,-6.86850850672582,7.15062516950116,-10.2629840447185,2.73308493575221,-10.1275247811671,-0.262783621001749,-5.19027103814098,-8.6557110398096,-2.02444347438745,1.5604792800844,0.0981321924634143,1.18942283937597,0.247858476295777,0.294448330047117,-0.548503502162266,-0.174616566570794,0.406702503092405,-0.40233927269736,-0.882885795448957,4.0,-0.35322939296682354
-4.84437152213983,5.64943864783758,-6.73039574613665,5.25284201867297,-4.4095661499774,-1.74076745609347,-6.31169852901067,3.44916731253577,-5.41628435913526,-7.8335555711125,3.6573495649865,-7.7814479532704,1.50772042676786,-8.60475886835984,0.0105926875670707,-6.55397325691037,-12.6243936527694,-4.98990973846596,1.64541389333247,0.284555090358885,1.19488835625662,-0.845752531858704,0.190673885417928,-0.216443252531192,-0.325033100382822,-0.270327592956951,0.210214051535782,0.391854886292055,9.0,0.09335683489604601
-0.356326154090313,1.43530513012275,-0.813563965472736,1.99311717679272,2.0558775401316,-0.54357866590526,0.487691066602944,0.0854488054265826,-0.536351998021526,-2.23120932812687,0.273983570211148,-0.535839387011391,0.595677221650834,-5.14182349291966,0.732366764261792,0.623912780633594,4.09098324669186,1.63408402811385,0.26084733041578,0.303261648412104,-0.312862941766726,-0.687873797330169,-0.267002508610821,-1.15848006325515,0.271459963711122,-0.155397186179697,0.114328416432227,0.101525594435204,21.0,-0.3492313067728856
-1.82429505976067,0.403326526860602,-1.99412200641801,2.75655816357726,-3.13906432572579,0.408185014718199,-1.20904511871624,1.09563435393431,-1.44722489217345,-3.95100289197434,2.56070020158284,-3.4119829114195,-0.781669619949492,-4.7327675351632,-0.433973654922625,-3.30608841178359,-4.23102187544855,-0.750809770409941,2.69080834203374,1.50368830479002,0.838760421033887,0.341727095787049,0.947506491293615,-0.145493002452622,0.0493257725258454,0.831065451615044,0.33242130393302,0.252712728641008,18.0,1.6046733970665323
-4.28058383167792,1.42110000741665,-3.90822884348162,2.94294608011161,-0.0762053360306411,-2.00252600045019,-2.87415473251562,-0.856005441485914,0.963674230223562,-3.23543895742654,3.34180192747217,-7.56286042898412,-1.8474434271558,-11.5714234295766,-1.4815558418284,-6.18091869945618,-9.28518598266033,-3.92172214129965,0.685510860299876,-0.198962780003302,-0.140061995134615,-0.90772022005271,-0.680107948583095,-0.349169892929711,0.0562758915123628,-1.14992266869478,-1.80988612030864,0.723051433275673,17.0,-0.3488314981534918
-13.8972058704019,6.34428045616839,-14.2816664432471,5.58100899740718,-12.8871331616131,-3.1461763671985,-15.450467216827,9.06028147442157,-5.48612077680694,-14.6764702497464,5.1483517210937,-10.7495919949504,1.58548896754337,-9.79801207658904,0.733276999106463,-12.675268899047,-20.7406637223494,-8.15366802624724,5.2283417900513,-1.02522792390103,3.05808183846397,0.941180290424241,-0.232710298333368,0.763508019302571,0.0754562386388435,-0.453839571774416,-1.50896825698328,-0.686835738780169,11.0,-0.3132885118893834
-1.86224574164847,0.684623389043899,1.67608288148388,2.91380953514225,-2.4650379245355,3.17987798471721,2.80272646825537,0.202883508876192,-0.450131590270946,-0.280751755750659,1.25215224831736,-2.81661584142193,1.46098654266116,1.29767185986421,-1.61497666645739,1.90732386013611,-0.57438890327033,1.07103908853989,-1.79814375338579,-0.030745361338668,-0.0930545424829132,-0.0929797137901331,0.297171528189593,0.59121069506463,0.293822683833189,-0.171080330429239,-0.126234302422713,-0.385714231392409,6.0,2.4826131443933677
-1.83805965409536,1.64212926632243,0.539951615157553,-2.06120974322565,0.127716584518705,-0.201261481533183,0.630263550371966,-0.0774936191926246,1.97695015029301,2.35035048103215,0.225916525612702,-0.903020604125018,-1.92720638255427,-0.567165590230042,0.303331921901687,0.920092214461538,-1.56069439977954,0.565012753023292,-0.218847159695255,1.0071055654228,-0.526016756024444,-0.582599701861233,-0.169338319428254,-0.881011514935122,0.0837290476648295,0.70535684185061,0.116892201164704,-0.496390363861451,16.0,-0.34739218712367415
-1.55795358788524,1.53726818800356,0.299371116183463,-1.22099703077819,-0.777467686751968,-1.40368349138724,-0.0400044746511232,0.767189609767638,0.0325326513484795,-0.456733130478176,-0.741210377682157,0.231952988142028,-0.0612627734959659,0.551893926908728,0.364657981426643,0.70830779899041,-0.310651532791941,-0.381337750007316,-0.772509852404931,0.0048490897181335,-0.0606842431914374,-0.228240551918403,0.107381585008363,0.418226253762625,-0.0524835669885499,0.78371801853987,0.160327110244522,0.0722299991444667,22.0,-0.3412751152469491
-4.5740297444958,3.95609989411836,-3.01574831358153,-0.771818320676282,-2.71277785003323,-0.922004938738863,-2.95975605556408,3.88823983887864,0.0506820825011514,-1.8467910152142,-2.03959652790726,0.927107033203279,-0.189293145971604,1.12126739128684,0.282062269536772,1.69026984459458,1.79209036052329,0.802002968203082,-0.421812424415962,-0.631259977673906,0.0866321444542456,-0.936035161195999,0.494485439155189,0.4815239482141,0.143258087493016,-0.312502231702961,-1.22863324765851,-0.281996689501323,23.0,-0.35015086659749134
1.15308249916932,-0.564805171303549,-0.398964040467666,-0.279429390195072,1.39291796676146,3.97132134316339,-1.1477386833634,1.06104576331819,0.793151126736908,-0.200082812467279,-0.504791336467707,0.270513166240379,0.0089348609475587,-0.256763958894796,0.392559794128151,0.494773751268246,-0.673048931264946,0.217661686221708,0.318128145516512,0.111984155802108,-0.118695177463029,-0.397595671864259,-0.0425646712180658,1.04175009055477,0.39801714934293,0.32741746935301,0.0110765199976839,0.0280442276188473,23.0,-0.14400954243805036
0.174159493461884,-3.39020239566333,-1.4620902315304,0.847357491910791,-1.39443882465662,0.280439290572763,0.529171382288475,-0.138004471609053,0.621277846234097,-0.225118013160935,1.00490788962871,1.18144653540183,0.733602666911094,0.22267623427983,0.282978242752048,0.846370324309181,-0.901355604652731,0.711530100800072,-0.391199904518446,1.7852791725301,0.796234708133801,0.265134863931507,-0.607259405162539,0.876455063374669,-0.694111720881535,0.494848100093268,-0.217556105689405,0.112250321460603,11.0,3.4049316484729144
1.18553284575685,-0.193654024576767,0.662938918002564,0.30024608164718,-0.70445689280223,-0.398797739713121,-0.399218528729614,-0.0460393303591059,1.87267676648151,-0.558332097319659,1.86685309049145,-1.57701047014329,1.05182097634032,1.49475764335458,-1.68928203939171,-0.175736262687182,0.698283016461206,0.110718173446134,0.543541839451536,-0.112309634985165,-0.208138791647953,-0.203553181807771,-0.0709605825425787,0.35804486323029,0.368136970725575,1.05558190762057,-0.1038369568642,-0.014496425081937,2.0,-0.2552762812153436
-0.448578932992951,1.10570092673978,1.43096404807302,0.0425244103132326,0.509050171346034,-0.387055242606823,0.749427159270227,-0.277013914935718,0.791243463127637,-0.408682333885753,2.33173057060663,-1.81450288615159,2.2393916104952,0.834202657532257,-0.534314564527119,0.530019487783052,0.228870570672837,0.639918795902193,0.121850335007763,0.195581629631696,-0.409929319609,-0.759093486468025,-0.0780400580545108,-0.0944611673164582,-0.185484313210516,-0.0068131827816682,-0.0826442163303147,-0.1333901918582,2.0,-0.28130382233787976
-1.3171752331492,-0.586152548091561,1.17291019604399,1.72709125050745,-1.8213924879508,1.60634968736767,1.98627047876123,-0.174706415776569,0.581636795551185,-0.833380320149208,-1.80478987401658,0.465092070782779,0.344943828636017,-0.985536278672957,-1.73076267954434,-0.870959518224863,0.428882514561218,-0.458341901248798,1.51166716185744,-0.0231400837618344,-0.397705131597669,-0.538206085184553,0.235837775092189,-0.0984416328148957,-0.302555147456252,-0.509631484109214,0.42131319869543,-0.0029957119947366,16.0,1.885698875638431
-2.9494546460375,-2.41803245307699,1.67912279699477,1.84835927555374,0.88644817635125,1.88307272651126,0.504165889630436,0.0914288904679491,0.400653125942788,0.229891954314582,-0.5075434937176,0.957278851363581,1.09911845189256,-1.62499297173203,-2.54170579827869,0.174807818448049,-0.390354072799928,-0.45080253338009,1.00452235599953,-1.13867160045765,-0.765742673281106,-0.0112230080626305,1.87499998406708,-1.24952184754941,0.408792544691763,1.00799578212177,0.407938623243853,-0.677290599889746,18.0,0.5659306230195122
0.884734729102818,-0.865463127863621,0.983449625695533,0.123001601127643,-0.916331456786913,0.904621867051465,-0.813804948161039,0.484311189282984,1.00788754890125,-0.403324584111051,1.26575739704453,1.15456516439961,-0.67476735880548,-0.170653748906433,-0.424641627235459,-0.475832550182806,0.490824332466928,-0.962602537194301,0.0023665458335772,0.0412628109797299,-0.0708564378651786,-0.166534513857479,0.0454501934675434,-0.209720435745596,-0.0968771986821182,0.974988239704352,-0.0270778503768863,0.0139579571365987,8.0,0.08656008836635148
-1.22555977716464,1.19715784015072,0.750014504524246,-0.730317236392611,-0.0966755605081527,-0.345928020316582,0.323685094772262,0.333894373752475,0.378240870160747,-0.573763967601837,-1.88260621356045,-0.453236194440382,-0.901020115785413,0.0435069368610922,-0.586331602089539,0.119250756259186,-0.273883432399336,-0.261596928944481,0.257965101566504,-0.281703598953002,-0.16757935983834,-0.472228005737464,-0.177593092724556,-0.449156933589422,-0.161365733895875,0.296158789716528,-0.938022192332895,-0.465316719874358,13.0,-0.3372370481910717
1.36074038015721,-0.365850198091869,0.549050100793685,0.439333748920403,-0.726621025779534,0.0480469700996387,-0.598726216023998,0.0160630728007697,-0.398652967600653,0.630514017113205,-1.70978527617057,-0.134922471287185,0.198976431367783,-0.281257808394471,-0.150358660270776,-1.41733062648984,-0.150216384848071,1.07916016549142,-0.38962944414589,-0.548761258772539,-0.762813651675305,-1.56261946734203,0.0943407189909465,-0.53016147010244,0.367693182843791,-0.585499910649436,0.0719817296255395,0.0279238408844738,13.0,-0.3382365697395562
0.890726894146369,-1.33089114485741,-0.175468583516677,-0.357083017481884,-1.16520981897369,-0.670715211315409,-0.0634351247744556,-0.160911052215486,-0.950947057425848,0.704935280355977,0.807823943928669,0.186508616239324,-0.787156428600927,0.450220119959373,-0.614462518062614,-1.52594960958385,0.121037188832817,1.25109597124047,-0.244657647559771,-0.0495845922748664,-0.260203277435096,-0.776942921402996,-0.221779987636381,0.376934910115243,0.283954215153546,1.05118556060816,-0.124620514722053,0.028435077816897,16.0,0.6501303182638456
-0.557035874835425,1.1335943961319,1.30618971408719,-0.467106882116367,1.17698290616235,-0.27742735226629,1.48681673550611,-0.663565664309804,1.44845071012807,-0.622135102067151,-0.470799255616847,-2.91825357364618,1.48068512525464,1.14072774480784,-0.63546047634451,-0.697587609011225,0.218580905019594,-0.0137556970015533,0.817820677712584,0.201210402029602,-0.574276485398062,-0.897430652630263,-0.521138445417129,-0.796127248706498,0.74792094211502,-0.379987348518391,-0.215838988295008,-0.343965707218728,1.0,-0.3158073061915643
1.19192743659052,-0.0395428622813759,0.537141732309885,0.697681279368816,-0.40269848722665,-0.0520893394462951,-0.22419310701887,0.0453626883303849,0.317584648711821,-0.0675282965648079,0.716527245474646,1.34825681433353,0.457665801769891,-0.136038913238778,-1.11365823372701,-0.0689779866501555,-0.321841413814361,-0.0306768414970987,0.59555104685418,-0.0545295365558589,-0.0691384685179359,0.0240029093390011,-0.133153352245113,0.0879274022108951,0.580385658829988,0.411193452715424,-0.0155110778633174,0.0009128424058026,16.0,-0.3040129519194473
1.51697203656568,-0.81380774999295,-1.16697870125892,0.914707025493142,-0.51998347625698,-1.27125881633729,0.597601093493366,-0.452740544105397,0.426952621538151,-0.0644064793862136,-0.35359664695015,0.946876362757496,0.602036035979547,0.195086798733999,-0.279631635802221,-0.354600874410911,-0.0979941911910754,-1.01914699260648,-0.0967407892061636,0.319499318268559,-0.0751484525921406,-0.608639431385004,0.115002867141324,0.489293002152525,-0.330557022970051,0.0026553159634023,-0.101232783344394,-0.0077523861508547,14.0,0.7009060129268577
2.02686363785494,-0.219881936092333,-2.84590881202211,-0.531778130482586,2.46118588470338,3.26152869410636,-0.644994371378471,0.842036112089361,0.538084137306284,-0.424643564147488,0.308876593312936,0.0788404661432334,-0.2162394606906,-0.943418457183973,0.764700161146508,0.351411958136415,0.543568451867294,0.0142610120979645,-0.396949483889628,-0.105634218343013,-0.0630409892626792,-0.109165303545754,0.200521534178151,0.633307171102534,-0.106519897710229,0.5019629735045,-0.0237705612506217,-0.0384321068516666,0.0,-0.34351404351555426
-1.44028905118159,2.55885900028436,-0.702466990294953,4.14834578790774,0.0296942515795997,1.16546911781437,-0.614388691217899,1.5822421295838,-2.18364337007119,1.83415891757835,-0.395760455391014,0.0592314751498076,-0.005477198793806,1.2810458666431,-0.278716718650847,0.220673307876225,0.331579461844712,1.01099900388141,1.36493950587735,0.227093185507836,0.448542112768597,1.2524374763066,-0.114320908345942,0.249722083548659,-0.308658398392156,0.612440646746703,0.314706653056497,0.187210411880985,15.0,-0.31088966017302055
1.24064589820417,-0.522247120653592,0.108068608710545,-0.444724010921063,-0.997904344303467,-1.37916795197191,0.0263887499313302,-0.439764630361745,-1.23463819487118,0.638773035236404,-0.0280294249765687,0.482872442534418,1.21294921324507,0.0778052671069075,0.58027664163831,-1.59233761858105,0.11670231371868,0.506359611361544,-0.825174941136463,-0.266757403708474,-0.36308508643534,-0.695717077262099,0.0085331322490446,0.781775858351504,0.277256501917311,0.978071752275481,-0.0841651859899188,0.0205812527882905,23.0,-0.0021974251390711234
0.223390226128187,0.940295046375241,-0.538412714031067,-0.176297125524038,0.0547006448425264,-1.27917417584778,0.48965536109158,0.11330826329176,-0.10923655049115,-0.631526848604266,-1.00013974425226,0.165373057075654,0.0983928109900282,0.666856220213502,0.523779624186259,-0.179021516425637,-0.324761088702668,0.184643068101779,-0.0756618482787364,-0.298078586056221,0.388204695083303,1.12616151890688,-0.0925432929610859,0.0796484863192077,-0.274606835974381,-0.152793625974693,-0.0796831333406093,-0.0733214151383542,16.0,-0.3492313067728856
-1.63789185103546,0.596249170444826,-0.328602675292239,-0.0933540218906663,-3.12737144082116,1.02148439765229,3.66996696809997,-0.352776480899866,-1.38227569921614,-0.797084516953483,1.29883926849886,0.179312813812703,-0.260721481300896,0.849111592627997,0.446694663756466,0.178147704745762,-0.0606273602302066,0.170996873416479,1.2645932408486,-0.374865711972818,-0.0645965088867338,0.119890669281608,-0.138299285446472,0.459548107011285,0.400016235305308,1.18836601091133,0.0025058645215018,-0.262381325487491,12.0,2.5181161497955364
-1.49204803979461,-1.39795528854348,2.02965650803019,-1.42044392256013,-1.83227084429711,1.67993042394345,0.920317307805499,0.470565127061045,-0.888523049246209,-0.691291908704937,1.01013553112699,-0.173271851464321,-0.799564857632651,-0.635314634969169,-1.35448708044727,0.614561767863086,0.791828477923173,-1.60615621526695,-0.113709657686597,0.912075115703297,0.407649116308265,0.48584275775476,0.777266011730462,-0.326015342545114,0.373836207966428,-0.29848144490955,-0.0558195769144914,0.0792830514245119,16.0,1.405768608918119
-3.58623228594997,2.97707060715305,-2.10000432723622,-2.8851006043094,0.984730056859291,2.86212546274991,-1.00862048978993,2.12574765612937,1.64511819026688,2.22497122292845,-0.332686173765409,0.268913374079462,0.0863232621672708,0.0020587174391255,0.784379016173785,0.999225847582522,-0.913759187154322,-0.0145243484515005,-0.700599007336265,1.20719960233718,-0.437334832815283,-0.750778769223211,0.15671936811721,0.986276679002838,0.434114788201411,0.707864900231426,0.232937668424218,-0.2532833394858,21.0,-0.3470723402281591
-2.00604657635312,-2.18047050555333,0.400764632169103,0.226821018987658,3.40742334713024,-2.0090869534187,-0.941378513903859,0.116284977195556,0.18643427917856,-0.48143002305362,-1.35336525806133,0.642899765615024,0.733411120364791,-0.110850457608827,-1.03992296496124,-0.554979066270879,-0.242909283586973,-0.385945561113426,-0.117550666901779,0.630498943299441,0.438747059720503,0.673429309236401,0.38608922662996,0.678741361064124,-0.362361137344148,0.286393725883933,0.0712462325655943,0.268441099061037,9.0,-0.2868211812855141
-0.714136594672588,0.46504167539362,1.40946888428849,-0.0231025580381503,-0.353273428230305,0.699055253766672,-0.494664518435485,0.821677356557665,0.0848200464269825,-0.718905909255114,-0.436243717637438,0.434226941550323,-0.159995818651446,-0.0050652701259935,-0.628207852864422,0.753103266909748,-0.649674407872785,0.89377266036182,0.814629088550431,-0.0475935585890732,0.0189373975122532,-0.0510577828434037,-0.144454085962974,-0.821197996902786,-0.0536709882225418,0.329803842638622,-0.0954393473408855,-0.0739786549289197,17.0,-0.2350459650740176
0.990951186948042,-0.0569017618118091,1.61770660350219,2.91623618115614,-1.08575159220972,0.343584091246263,-0.721468206080962,0.41570126690198,0.557629626658627,0.447107858131313,-0.829523405955432,-0.775143646706819,-2.65033622093153,0.039757887385333,-0.412999794790649,0.0111843632843756,0.418477414053228,-0.761517144695606,-1.15822032234589,-0.336252644928176,-0.153508462203011,-0.36438514261452,0.169295550013436,0.539319279908497,0.0850763344157965,-0.0888657297093686,0.0396331781417482,0.0345953664097483,15.0,-0.2559559558683131
-0.67057053242551,1.04973358747365,-0.510353367303829,0.208783930058175,2.13509327373043,3.83795847891918,-0.168577771219513,1.3897848684407,-0.595800904882439,-0.240950197741882,-0.771309228931228,0.0321572979128701,-0.153627303691243,0.453211757129569,0.118192410518287,-0.474037229389017,0.0207704899730353,0.263323416204526,1.44511462565956,0.215673971842158,-0.0639342936022367,-0.162716226284199,-0.118284102676143,1.01125970674751,0.172424451670772,-0.235687906411923,0.283619387552106,0.139992264238161,9.0,-0.23632535265607776
1.61333461818689,-1.04865597484379,-1.7654206109613,-2.51265524148588,1.40228816205693,2.90772490162666,-1.02047154888975,0.573139582029015,-2.33836519894083,1.55501178487348,-0.230400585035757,-1.08321226227036,0.372464998513064,0.101526815948146,0.457685413186504,-0.451716920296616,0.16357614238234,0.186842058426775,0.246281608542824,-0.214260551667402,-0.224303096214266,-0.394574833471625,-0.118731749809174,1.00305588654632,0.841982910580443,-0.0681947655702433,-0.0006830941653939,0.0001346421865046,14.0,-0.2932581000577542
-0.925906114486439,1.16109421522522,0.443904128327723,-0.62805646405136,1.14354352761666,-0.936819823778369,1.30977843833194,-0.464256988860544,-0.100199036542229,-0.502419412310422,-0.0407660928376291,0.132171003871419,0.409487499321684,-1.36730467844027,-0.146522204813201,-0.0818457019363457,0.495297899532871,-0.524112518955711,-0.261909294063919,0.0702964081869277,-0.323680769600062,-0.673346702377295,0.035773607570039,1.00680074796897,-0.208737875479527,0.0999021293476772,-0.262350416173978,0.0461232835333299,7.0,-0.34807186177664357
2.07166802221105,0.0902545718298008,-1.78832688349696,0.392290784744845,0.433861977762082,-0.802661352861567,0.153400071832366,-0.196275500967267,0.589601276597039,-0.364671592295129,-0.804078376282012,-0.205824881269372,-0.473286713560994,-0.739454902089313,0.279680806991822,0.389512589676661,0.449235963305622,-0.185745236005169,0.11330891901635,-0.172475357915152,-0.377037075728201,-1.02362653930836,0.320920138733805,0.363783703578201,-0.259059347943232,0.182475171843128,-0.0679674608146408,-0.0319963972854853,15.0,-0.3173265789452607
1.08991783274833,0.3748041431202,0.927014508174572,2.71393782932207,-0.351053924662336,-0.168144074648752,0.035455660731436,-0.0385440828409229,-0.357643150852552,0.493579953185742,-0.799490351816614,0.442394468892831,0.394456962843306,-0.198356816613606,-0.682421397676225,0.257547621320218,-0.265990211173902,-0.732969807708788,-0.596476325963555,-0.0723515351333563,-0.264305344730882,-0.703756494618478,0.0512294267232428,0.381385412018918,0.379916790908348,-0.185390823944238,0.0058659334458207,0.0335143296133658,11.0,-0.20118217501136312
-1.40667227733818,0.711989249410924,0.10620851936109,-1.2040197333014,-0.467782574118488,-1.11856060413761,0.141706312270901,0.419754427640069,-2.38774674291199,-0.222975968371407,-0.598547332256636,-0.149328777332814,1.32965362874119,0.53506654076103,0.515393963523814,0.522904114332936,0.949447920608641,-1.62294715223203,1.71336646601147,0.164079034282044,0.195353068953433,0.0921299176348691,-0.338869609577459,0.0413596985718128,0.629331727339142,-0.0251928267582461,-0.338720788794157,-0.14799989303386,22.0,-0.1533250832699258
1.42214925993437,-0.162776181066163,-0.710199032467224,-0.781727987764553,0.0828267609240441,-0.538642517720968,-0.0959669446734911,-0.191307023231277,-1.15049985090375,0.197849900496658,-0.331786780119545,-0.699153481700579,0.547836865883711,-0.951099407925684,0.844484961034673,1.12030365287781,1.07057941330635,-1.71505865114269,0.605091075556234,0.131582903533836,-0.235748242860851,-0.768729517067231,-0.0096668381025557,-0.860460787113774,0.459004539031572,-0.401093794174878,0.0069485100173472,0.0235440279240948,20.0,-0.25939430999509977
1.80436216356589,-0.280553692769331,-0.434049081801977,1.39471203159184,-0.0750682290247538,0.476588726924112,-0.286752032344654,0.168604043125484,0.763930710273342,0.0969992152022757,0.599163213634784,1.88063678467154,0.607832126424308,-0.24386449261956,-1.91878233206323,-0.304523683974836,-0.30626115460103,-0.550196001605908,0.411222964440956,-0.111760078183787,-0.433482179579654,-1.07581322729449,0.421363825628301,0.644988802064851,-0.335478330976382,-1.16317224978124,0.0464451617576908,-0.0238463602754195,14.0,-0.14225038451271765
1.32693219398119,-1.08858812704607,0.475391744513491,-1.4732696864042,-0.85220878405135,0.832250848197062,-1.2224470320039,0.307615378317329,-1.94738079142632,1.2409214099805,0.842985732494805,-0.177123216733273,0.778582010884182,-0.251845312223403,1.5865068051793,-1.78304184590022,1.80726708282291,-2.14481370578795,-1.91839111750336,-0.466719520856484,-0.0738389389272339,0.370586191370259,0.20562045127997,-0.635736599163236,0.0465477261609169,-0.0988613885915777,0.106094652008517,0.0090243458684291,14.0,-0.33323896199713376
-1.79951947005578,0.382161973172518,0.22085325488647,-1.24692701515407,0.135618423904045,-0.413271323929239,0.844972159773269,-0.0172559959964167,0.324297195797186,-0.461752670970005,1.50012597328807,1.05109065065897,-0.0094902729233256,0.592337197748866,1.24463360110222,-1.01869456910668,0.0396406907880782,-0.201693143091181,1.71838050729294,-0.174930665435146,-0.28330399000288,-0.546403899248026,-0.0632655833438642,-0.310626423846069,-0.344410386958291,-0.966240999946068,-1.08256727784456,-0.642837197005488,16.0,-0.12581825025563267
-0.356919147102942,0.288989020914521,1.2403423080094,-1.90947453452134,0.0216286484342092,-0.71865118811534,0.510835522798952,-0.0974247965887365,-1.89497552492935,0.122796189972332,1.16528085771713,0.242229787936487,0.82792470857561,-0.0932120791023214,-0.776704394896434,1.46043664613746,-0.362043481805672,-1.30741109826062,0.687018101294342,0.161149180197328,-0.119337908350162,-0.606831926881766,0.0874368879675966,-0.0330592701254592,-0.431272179421457,-0.840932629752426,0.0939768976800659,0.130239852278703,9.0,-0.2498788648535274
1.17025071062173,0.067918545788907,0.243861075276736,0.551710420516342,-0.358923510838852,-0.339232843952863,-0.273414620777475,0.231494995849506,0.166988110068741,-0.0803865609318946,1.40328948331262,-0.388724219668474,-2.50401474072887,0.459605849546452,0.933623954609184,0.506425526305428,0.171280980375386,0.0702139570671664,-0.248114950122099,-0.271396123654433,-0.239210584193011,-0.818186814405345,0.178364921856135,-0.0941902598099638,0.02504142125679,0.115731587264591,-0.0274079668721979,0.0114079363359503,9.0,-0.34967109625421877
0.028984702330273,0.513639500537882,-0.975344279391162,-0.610328805157355,1.55872363753054,-0.759125751199302,1.01194215245168,-0.14353525846493,-0.153065142993246,-1.05549955601798,-1.37377818932403,-0.782353896703891,-0.593740788870428,-0.909241943177534,-0.170765246828192,0.424924022183119,0.371728177654483,0.183409186196017,0.0958441507021963,0.0286142755259451,-0.182466849864893,-0.656588018437358,0.0337632376648813,-0.0696053456280259,-0.178849488081769,0.428118346403844,-0.0684367978477864,0.0207714631836543,13.0,-0.1933859069331841
-0.787732841435895,1.07699204119856,1.44325828269377,2.58785612520635,-0.266748091101964,0.612788030412198,0.36790950236546,0.563258611013881,-1.15915253199444,-0.091836419117626,-0.881082801512575,0.532168928716555,0.803370186983758,-0.0771469890998125,-0.611445736660681,-0.436001932262471,0.498493531528709,-0.763479211876856,-0.225575503994044,0.0744717754987159,0.13123089702261,0.339777387349506,0.0621000653328675,0.101732988764359,0.115684935518925,0.16418802593965,-0.0762210608840096,-0.0314081585576732,19.0,0.006718307073410532
2.02245744117136,0.19078674838712,-1.78142516583512,0.549057922883895,0.211218649745068,-1.49393049199755,0.324436038389745,-0.414113275918992,0.54670764916243,-0.531339702772037,-0.325643317082151,0.17284589619368,0.283676852013695,-0.887098911969257,0.884740188791449,0.24323856926876,0.438883877205384,0.53494248785859,-0.433065631413244,-0.142963197195917,0.201171164399051,0.727079756230419,-0.0506177523955537,-0.0881933899764882,0.26364921355631,-0.102656348245648,-0.0031422144892165,-0.0253884132235641,9.0,-0.2595942143047966
2.08004152750145,-0.0853908651242104,-1.3622459126223,0.262602319882489,0.219903245091849,-0.801164270120661,0.224138835410588,-0.322337039317321,0.51401826349698,0.0526137341052871,-1.27678901214577,0.467517001011078,0.669873605303422,0.141725174377142,0.0397043482821626,0.075867971252223,-0.566350560295679,-0.699981058410144,0.398156403384456,-0.138160066363604,-0.31934933603531,-0.79543470997727,0.234731736198619,-0.640710072624224,-0.195799182180351,0.23544726416309,-0.0715484757232033,-0.0630902588105551,17.0,-0.28130382233787976
-2.49627452086016,2.08066996458333,0.043712854704311,-0.501542746463911,-1.04896257454516,-0.168557265173101,-0.612950361697892,0.244669662736459,1.3130184451107,1.47512045991969,1.03229785446568,1.25361172586789,0.450148068015025,-0.267458792973335,0.365718128288288,-0.16097234760079,-0.266921109216325,0.205639305296804,1.12763825002306,-0.182903165938087,0.116528845282785,-0.205879855718741,0.113705944502775,-0.0060501996881317,-0.588167629249245,-0.392489659028897,-2.81263502103765,-0.91322123128404,11.0,-0.3495511536684006
-0.719243336050615,1.49865758814417,1.2505170303089,1.51766657572305,0.0005858979316674,0.0643875183020809,0.182354368580784,0.425515445549986,0.74263801027467,-0.707518618150133,0.267992340396042,-1.90658497107265,2.07560614591904,1.6592416287054,-0.619124764342564,-1.15467729588088,1.50103369528973,-0.438113441278128,0.514202294219948,-0.0086201446463972,-0.14366048223405,0.118600149366897,-0.114323844484947,0.0523929455502892,-0.0752734378526717,-0.261253989025028,0.284544439477792,0.136189637260711,1.0,-0.3492313067728856
-0.154128921622152,0.548627262516619,0.957852116122171,-0.676770346003619,-0.51545140169531,-0.380852142952313,-1.04770499795009,-2.71867035617392,0.260372982673756,-1.40967619359091,-0.907531599442651,0.77001620854287,-0.215986029352911,0.128908221599347,-1.02794982762876,0.109657607452732,-0.0335104206693337,-0.791381891668564,-0.647912839669148,0.475795235619161,-1.35728338494373,0.260285763763335,-0.270554322812458,0.492857805001867,0.699751951403192,0.9726078868571,0.0044147389461588,0.229841866412107,14.0,-0.3492313067728856
1.29430482291852,-0.943132169877372,1.15389931586033,-0.46328960055805,-1.58074908207641,0.0240702031395279,-1.31934226637,0.253713168025517,0.222976947992476,0.438749956012699,-0.673819943279778,-0.99600720548968,-1.23553310146713,-0.509234159555941,0.320452079547519,0.793588140618703,0.827350486797814,-1.57448723505597,0.331649598630952,-0.0479881443278528,0.132323369831285,0.449960332949968,0.0280734218137812,0.0627962586466337,0.239135553555253,-0.162222126343599,0.0604407232872442,0.0216466418503024,15.0,-0.29569693263605634
2.00331656014743,-0.211418143766402,-0.298648442161388,0.323109478653709,-0.636838097229401,-0.796847726749156,-0.40796673426993,-0.131311046630209,1.25023711540016,-0.240427561095572,-0.686018436768514,0.761512126363394,0.619057293305233,-0.0341744568646662,1.01189564993395,0.21434786400531,-0.708824152983405,-0.0326927282442076,-0.127218867989391,-0.21136996965001,-0.116699890670435,-0.168921037972686,0.339910803020058,-0.0692647644731952,-0.341270192404339,-0.924045214403238,0.0627672908841499,-0.0264185327781739,21.0,-0.3492313067728856
1.27175901310621,-1.52794354139586,0.129471908634149,-1.70900982118741,-0.969463472844241,0.829543533338308,-1.23017068649274,0.140798768124669,-1.93428695748568,1.46692926963747,0.364395493646586,-0.0351304404203079,1.75976958068755,-0.5291458705301,0.394126514680296,0.118738232856243,-0.147126652639279,0.696747074303483,-0.0443843997210354,0.0186797890748845,0.0155272876539053,0.236673697029788,-0.272158344473376,-1.31582831330794,0.408126457778508,-0.0230513907417835,0.0463036310075973,0.023417694138303,11.0,0.18651224321480034
0.959414072753838,-0.853220223703328,0.875000135094375,0.162949556784416,-1.1709395594313,0.146034289004614,-0.65495086174969,0.233998013824031,1.07265391711624,-0.315540330446929,0.476595742181711,0.746295109449927,-0.80971951299681,-0.1963883306892,-0.879262641102435,0.224943138757378,-0.17843431819593,0.0840211489433094,0.847216141544963,0.138093299209714,-0.140215501844361,-0.487501587684325,-0.0701068585141779,0.0566293018614222,0.0798930147650082,0.935759259389596,-0.065650951504998,0.0199565893332185,13.0,0.16052468295420363
